{"cameraMode":{"drawMode":0,"name":"Shaded","section":"Shading Mode"},"sceneLighting":true,"audioPlay":false,"sceneViewState":{"showFog":true,"showMaterialUpdate":false,"showSkybox":true,"showFlares":true,"showImageEffects":true,"showParticleSystems":true},"in2DMode":false,"pivot":{"x":1.6658443212509156,"y":0.9144327044487,"z":-0.004827737808227539},"rotation":{"x":0.04328509047627449,"y":-0.820969820022583,"z":0.06262694299221039,"w":0.5659709572792053},"size":1.2091132402420045,"orthographic":true}